Id,Title,Category,Diagram,Interaction,Priority,State,Description,Justification,Last Modified
382,Potential Data Repudiation by Backend,Repudiation,App Turismo Inteligente,Read,High,Mitigated,"Backend claims that it did not receive data from a source outside the trust boundary. Consider using logging or auditing to record the source, time, and summary of the received data.","Analytical mitigation specified by CTL-STR-10 (CT-STR-10), same threat family as representative ID 353. Proposed control: non-repudiation and traceability of relevant system actions. Expected evidence: correlated logs, transaction IDs/signatures, and auditable trails.",05/05/2026 23:02:00
381,Spoofing of Source Data Store Database,Spoofing,App Turismo Inteligente,Read,High,Mitigated,Database may be spoofed by an attacker and this may lead to incorrect data delivered to Backend. Consider using a standard authentication mechanism to identify the source data store.,"Analytical mitigation specified by CTL-STR-06 (CT-STR-06). Proposed control: protection of personal-data persistence and operational states. Expected evidence: encryption, granular access control, backups, and authorization/recovery tests.",05/05/2026 23:01:48
380,Spoofing the Backend Process,Spoofing,App Turismo Inteligente,Read,High,Mitigated,Backend may be spoofed by an attacker and this may lead to information disclosure by Database. Consider using a standard authentication mechanism to identify the destination process.,"Analytical mitigation specified by CTL-STR-06 (CT-STR-06). Proposed control: protection of personal-data persistence and operational states. Expected evidence: encryption, granular access control, backups, and authorization/recovery tests.",05/05/2026 23:01:39
379,Elevation Using Impersonation,Elevation Of Privilege,App Turismo Inteligente,Internal Response,High,Mitigated,API may be able to impersonate the context of Backend in order to gain additional privilege.,"Analytical mitigation specified by CTL-STR-08.A, CTL-STR-08.B (CT-STR-08), same threat family as representative ID 357. Proposed control: least privilege, operational-access segregation, and input validation. Expected evidence: RBAC, administrative profiles, input validation, and cybersecurity tests.",05/05/2026 23:01:29
378,Backend Process Memory Tampered,Tampering,App Turismo Inteligente,Internal Response,High,Not Applicable,"If Backend is given access to memory, such as shared memory or pointers, or is given the ability to control what API executes (for example, passing back a function pointer.), then Backend can tamper with API. Consider if the function could work with less access to memory, such as passing data rather than pointers. Copy in data provided, and then validate it.","NA-2. Not applicable: the threat assumes shared memory or direct execution control, while the DFD models separate components without shared memory.",05/05/2026 22:58:12
388,Elevation by Changing the Execution Flow in Backend,Elevation Of Privilege,App Turismo Inteligente,Read,High,Mitigated,An attacker may pass data into Backend in order to change the flow of program execution within Backend to the attacker's choosing.,"Analytical mitigation specified by CTL-STR-08.A, CTL-STR-08.B (CT-STR-08), same threat family as representative ID 357. Proposed control: least privilege, operational-access segregation, and input validation. Expected evidence: RBAC, administrative profiles, input validation, and cybersecurity tests.",05/05/2026 23:03:00
387,Backend May be Subject to Elevation of Privilege Using Remote Code Execution,Elevation Of Privilege,App Turismo Inteligente,Read,High,Mitigated,Database may be able to remotely execute code for Backend.,"Analytical mitigation specified by CTL-STR-06 (CT-STR-06). Proposed control: protection of personal-data persistence and operational states. Expected evidence: encryption, granular access control, backups, and authorization/recovery tests.",05/05/2026 23:02:49
386,Data Store Inaccessible,Denial Of Service,App Turismo Inteligente,Read,High,Mitigated,An external agent prevents access to a data store on the other side of the trust boundary.,"Analytical mitigation specified by CTL-STR-06 (CT-STR-06), same threat family as representative ID 22. Proposed control: protection of personal-data persistence and operational states. Expected evidence: encryption, granular access control, backups, and authorization/recovery tests.",05/05/2026 23:02:38
385,Data Flow Read Is Potentially Interrupted,Denial Of Service,App Turismo Inteligente,Read,High,Mitigated,An external agent interrupts data flowing across a trust boundary in either direction.,"Analytical mitigation specified by CTL-STR-04.A, CTL-STR-04.B (CT-STR-04), same threat family as representative ID 23. Proposed control: resource-consumption limits and controlled degradation of critical flows. Expected evidence: rate limits, quotas, timeouts, load tests, fallback, and recovery tests.",05/05/2026 23:02:29
425,Insufficient Auditing,Repudiation,App Turismo Inteligente,Audit Log,High,Mitigated,Does the log capture enough data to understand what happened in the past? Do your logs capture enough data to understand an incident after the fact? Is such capture lightweight enough to be left on all the time? Do you have enough data to deal with repudiation claims? Make sure you log sufficient and appropriate data to handle a repudiation claims. You might want to talk to an audit expert as well as a privacy expert about your choice of data.,"Analytical mitigation specified by CTL-STR-05.A (CT-STR-05.A). Proposed control: authenticated, integrity-protected, tamper-resistant audit trails. Expected evidence: signed logs, append-only trails, and integrity checks.",05/05/2026 23:08:05
424,Data Logs from an Unknown Source,Repudiation,App Turismo Inteligente,Audit Log,High,Mitigated,Do you accept logs from unknown or weakly authenticated users or systems? Identify and authenticate the source of the logs before accepting them.,"Analytical mitigation specified by CTL-STR-05.A (CT-STR-05.A). Proposed control: authenticated, integrity-protected, tamper-resistant audit trails. Expected evidence: signed logs, append-only trails, and integrity checks.",05/05/2026 23:07:56
423,Lower Trusted Subject Updates Logs,Repudiation,App Turismo Inteligente,Audit Log,High,Mitigated,"If you have trust levels, is anyone other outside of the highest trust level allowed to log? Letting everyone write to your logs can lead to repudiation problems. Only allow trusted code to log.","Analytical mitigation specified by CTL-STR-05.A (CT-STR-05.A). Proposed control: authenticated, integrity-protected, tamper-resistant audit trails. Expected evidence: signed logs, append-only trails, and integrity checks.",05/05/2026 23:07:49
384,Potential Process Crash or Stop for Backend,Denial Of Service,App Turismo Inteligente,Read,High,Mitigated,"Backend crashes, halts, stops or runs slowly; in all cases violating an availability metric.","Analytical mitigation specified by CTL-STR-04.A, CTL-STR-04.B (CT-STR-04), same threat family as representative ID 23. Proposed control: resource-consumption limits and controlled degradation of critical flows. Expected evidence: rate limits, quotas, timeouts, load tests, fallback, and recovery tests.",05/05/2026 23:02:18
22,Spoofing of Destination Data Store Database,Spoofing,App Turismo Inteligente,Write,High,Mitigated,Database may be spoofed by an attacker and this may lead to data being written to the attacker's target instead of Database. Consider using a standard authentication mechanism to identify the destination data store.,"Analytical mitigation specified by CTL-STR-06 (CT-STR-06). Proposed control: protection of personal-data persistence and operational states. Expected evidence: encryption, granular access control, backups, and authorization/recovery tests.",05/05/2026 22:54:31
23,Potential Excessive Resource Consumption for Backend or Database,Denial Of Service,App Turismo Inteligente,Write,High,Mitigated,"Does Backend or Database take explicit steps to control resource consumption? Resource consumption attacks can be hard to deal with, and there are times that it makes sense to let the OS do the job. Be careful that your resource requests don't deadlock, and that they do timeout.","Analytical mitigation specified by CTL-STR-04.A, CTL-STR-04.B (CT-STR-04). Proposed control: resource-consumption limits and controlled degradation of critical flows. Expected evidence: rate limits, quotas, timeouts, load tests, fallback, and recovery tests.",05/05/2026 22:54:37
377,Elevation Using Impersonation,Elevation Of Privilege,App Turismo Inteligente,Internal Request,High,Mitigated,Backend may be able to impersonate the context of API in order to gain additional privilege.,"Analytical mitigation specified by CTL-STR-08.A, CTL-STR-08.B (CT-STR-08). Proposed control: least privilege, operational-access segregation, and input validation. Expected evidence: RBAC, administrative profiles, input validation, and cybersecurity tests.",05/05/2026 23:01:20
293,Potential Excessive Resource Consumption for Backend or Logs/Audit,Denial Of Service,App Turismo Inteligente,Audit Log,High,Mitigated,"Does Backend or Logs/Audit take explicit steps to control resource consumption? Resource consumption attacks can be hard to deal with, and there are times that it makes sense to let the OS do the job. Be careful that your resource requests don't deadlock, and that they do timeout.","Analytical mitigation specified by CTL-STR-05.C (CT-STR-05.C). Proposed control: continuity and recovery of log writing. Expected evidence: resilient buffering, rotation/retention, backups, and logging-failure tests.",05/05/2026 22:55:14
292,Spoofing of Destination Data Store Logs/Audit,Spoofing,App Turismo Inteligente,Audit Log,High,Mitigated,Logs/Audit may be spoofed by an attacker and this may lead to data being written to the attacker's target instead of Logs/Audit. Consider using a standard authentication mechanism to identify the destination data store.,"Analytical mitigation specified by CTL-STR-05.A (CT-STR-05.A). Proposed control: authenticated, integrity-protected, tamper-resistant audit trails. Expected evidence: signed logs, append-only trails, and integrity checks.",05/05/2026 22:54:43
448,Elevation Using Impersonation,Elevation Of Privilege,App Turismo Inteligente,Request,High,Mitigated,Browser Client may be able to impersonate the context of Operations Team in order to gain additional privilege.,"Analytical mitigation specified by CTL-STR-09 (CT-STR-09), same threat family as representative ID 445. Proposed control: sensitive actions must be performed by an authenticated and authorized data subject or operator, with explicit confirmation and risk-based reauthentication. Expected evidence: strong authentication, MFA for operational access, reauthentication and confirmation records, session controls and audit trails, request-forgery protection, and secure session binding when justified by the risk analysis.",05/05/2026 23:10:55
447,Spoofing the Operations Team External Entity,Spoofing,App Turismo Inteligente,Request,High,Mitigated,Operations Team may be spoofed by an attacker and this may lead to unauthorized access to Browser Client. Consider using a standard authentication mechanism to identify the external entity.,"Analytical mitigation specified by CTL-STR-09 (CT-STR-09). Proposed control: sensitive actions must be performed by an authenticated and authorized data subject or operator, with explicit confirmation and risk-based reauthentication. Expected evidence: strong authentication, MFA for operational access, reauthentication and confirmation records, session controls and audit trails, request-forgery protection, and secure session binding when justified by the risk analysis.",05/05/2026 23:10:47
350,Data Store Inaccessible,Denial Of Service,App Turismo Inteligente,Audit Log,High,Mitigated,An external agent prevents access to a data store on the other side of the trust boundary.,"Analytical mitigation specified by CTL-STR-05.C (CT-STR-05.C). Proposed control: continuity and recovery of log writing. Expected evidence: resilient buffering, rotation/retention, backups, and logging-failure tests.",05/05/2026 22:56:50
349,Data Flow Audit Log Is Potentially Interrupted,Denial Of Service,App Turismo Inteligente,Audit Log,High,Mitigated,An external agent interrupts data flowing across a trust boundary in either direction.,"Analytical mitigation specified by CTL-STR-05.C (CT-STR-05.C). Proposed control: continuity and recovery of log writing. Expected evidence: resilient buffering, rotation/retention, backups, and logging-failure tests.",05/05/2026 22:56:43
348,Weak Credential Transit,Information Disclosure,App Turismo Inteligente,Audit Log,High,Mitigated,"Credentials on the wire are often subject to sniffing by an attacker. Are the credentials re-usable/re-playable? Are credentials included in a message? For example, sending a zip file with the password in the email. Use strong cryptography for the transmission of credentials. Use the OS libraries if at all possible, and consider cryptographic algorithm agility, rather than hardcoding a choice.","Analytical mitigation specified by CTL-STR-05.B (CT-STR-05.B). Proposed control: confidentiality and access protection for audit logs. Expected evidence: encryption, RBAC, access reviews, and unauthorized-access tests.",05/05/2026 22:56:37
347,Data Flow Sniffing,Information Disclosure,App Turismo Inteligente,Audit Log,High,Mitigated,"Data flowing across Audit Log may be sniffed by an attacker. Depending on what type of data an attacker can read, it may be used to attack other parts of the system or simply be a disclosure of information leading to compliance violations. Consider encrypting the data flow.","Analytical mitigation specified by CTL-STR-05.B (CT-STR-05.B). Proposed control: confidentiality and access protection for audit logs. Expected evidence: encryption, RBAC, access reviews, and unauthorized-access tests.",05/05/2026 22:56:30
346,Data Store Denies Logs/Audit Potentially Writing Data,Repudiation,App Turismo Inteligente,Audit Log,High,Mitigated,"Logs/Audit claims that it did not write data received from an entity on the other side of the trust boundary. Consider using logging or auditing to record the source, time, and summary of the received data.","Analytical mitigation specified by CTL-STR-05.A (CT-STR-05.A). Proposed control: authenticated, integrity-protected, tamper-resistant audit trails. Expected evidence: signed logs, append-only trails, and integrity checks.",05/05/2026 22:56:21
336,Data Store Inaccessible,Denial Of Service,App Turismo Inteligente,Write,High,Mitigated,An external agent prevents access to a data store on the other side of the trust boundary.,"Analytical mitigation specified by CTL-STR-06 (CT-STR-06). Proposed control: protection of personal-data persistence and operational states. Expected evidence: encryption, granular access control, backups, and authorization/recovery tests.",05/05/2026 22:56:04
335,Data Flow Write Is Potentially Interrupted,Denial Of Service,App Turismo Inteligente,Write,High,Mitigated,An external agent interrupts data flowing across a trust boundary in either direction.,"Analytical mitigation specified by CTL-STR-04.A, CTL-STR-04.B (CT-STR-04). Proposed control: resource-consumption limits and controlled degradation of critical flows. Expected evidence: rate limits, quotas, timeouts, load tests, fallback, and recovery tests.",05/05/2026 22:55:57
334,Weak Credential Transit,Information Disclosure,App Turismo Inteligente,Write,High,Mitigated,"Credentials on the wire are often subject to sniffing by an attacker. Are the credentials re-usable/re-playable? Are credentials included in a message? For example, sending a zip file with the password in the email. Use strong cryptography for the transmission of credentials. Use the OS libraries if at all possible, and consider cryptographic algorithm agility, rather than hardcoding a choice.","Analytical mitigation specified by CTL-STR-06 (CT-STR-06). Proposed control: protection of personal-data persistence and operational states. Expected evidence: encryption, granular access control, backups, and authorization/recovery tests.",05/05/2026 22:55:49
333,Data Flow Sniffing,Information Disclosure,App Turismo Inteligente,Write,High,Mitigated,"Data flowing across Write may be sniffed by an attacker. Depending on what type of data an attacker can read, it may be used to attack other parts of the system or simply be a disclosure of information leading to compliance violations. Consider encrypting the data flow.","Analytical mitigation specified by CTL-STR-06 (CT-STR-06). Proposed control: protection of personal-data persistence and operational states. Expected evidence: encryption, granular access control, backups, and authorization/recovery tests.",05/05/2026 22:55:42
332,Data Store Denies Database Potentially Writing Data,Repudiation,App Turismo Inteligente,Write,High,Mitigated,"Database claims that it did not write data received from an entity on the other side of the trust boundary. Consider using logging or auditing to record the source, time, and summary of the received data.","Analytical mitigation specified by CTL-STR-06 (CT-STR-06). Proposed control: protect personal-data persistence and produce verifiable transactional confirmation for every critical write. Expected evidence: transaction ID, write acknowledgment, correlated audit trail, encryption, granular authorization, tested backup, and recovery tests.",05/05/2026 22:55:31
331,The Database Data Store Could Be Corrupted,Tampering,App Turismo Inteligente,Write,High,Mitigated,Data flowing across Write may be tampered with by an attacker. This may lead to corruption of Database. Ensure the integrity of the data flow to the data store.,"Analytical mitigation specified by CTL-STR-06 (CT-STR-06). Proposed control: protection of personal-data persistence and operational states. Expected evidence: encryption, granular access control, backups, and authorization/recovery tests.",05/05/2026 22:55:23
419,Replay Attacks,Tampering,App Turismo Inteligente,Admin Response,High,Mitigated,Packets or messages without sequence numbers or timestamps can be captured and replayed in a wide variety of ways. Implement or utilize an existing communication protocol that supports anti-replay techniques (investigate sequence numbers before timers) and strong integrity.,"Analytical mitigation specified by CTL-STR-02 (CT-STR-02). Proposed control: message integrity, freshness, and anti-replay protection for critical flows. Expected evidence: nonce/timestamp, correlation IDs, anti-replay tests, and rejection logs.",05/05/2026 23:07:15
383,Weak Access Control for a Resource,Information Disclosure,App Turismo Inteligente,Read,High,Mitigated,Improper data protection of Database can allow an attacker to read information not intended for disclosure. Review authorization settings.,"Analytical mitigation specified by CTL-STR-06 (CT-STR-06). Proposed control: protection of personal-data persistence and operational states. Expected evidence: encryption, granular access control, backups, and authorization/recovery tests.",05/05/2026 23:02:09
421,Weak Authentication Scheme,Information Disclosure,App Turismo Inteligente,Admin Request,High,Mitigated,"Custom authentication schemes are susceptible to common weaknesses such as weak credential change management, credential equivalence, easily guessable credentials, null credentials, downgrade authentication or a weak credential change management system. Consider the impact and potential mitigations for your custom authentication scheme.","Analytical mitigation specified by CTL-STR-01 (CT-STR-01). Proposed control: robust authentication for data subjects, operators, and services before sensitive flows. Expected evidence: authentication policy, operational MFA, authentication tests and logs.",05/05/2026 23:07:32
420,Collision Attacks,Tampering,App Turismo Inteligente,Admin Response,High,Mitigated,"Attackers who can send a series of packets or messages may be able to overlap data. For example, packet 1 may be 100 bytes starting at offset 0. Packet 2 may be 100 bytes starting at offset 25. Packet 2 will overwrite 75 bytes of packet 1. Ensure you reassemble data before filtering it, and ensure you explicitly handle these sorts of cases.","Analytical mitigation specified by CTL-STR-02 (CT-STR-02), same threat family as representative ID 405. Proposed control: message integrity, freshness, and anti-replay protection for critical flows. Expected evidence: nonce/timestamp, correlation IDs, anti-replay tests, and rejection logs.",05/05/2026 23:07:23
416,Weak Authentication Scheme,Information Disclosure,App Turismo Inteligente,Admin Response,High,Mitigated,"Custom authentication schemes are susceptible to common weaknesses such as weak credential change management, credential equivalence, easily guessable credentials, null credentials, downgrade authentication or a weak credential change management system. Consider the impact and potential mitigations for your custom authentication scheme.","Analytical mitigation specified by CTL-STR-01 (CT-STR-01), same threat family as representative ID 404. Proposed control: robust authentication for data subjects, operators, and services before sensitive flows. Expected evidence: authentication policy, operational MFA, authentication tests and logs.",05/05/2026 23:06:49
403,Elevation by Changing the Execution Flow in Backend,Elevation Of Privilege,App Turismo Inteligente,Admin Request,High,Mitigated,An attacker may pass data into Backend in order to change the flow of program execution within Backend to the attacker's choosing.,"Analytical mitigation specified by CTL-STR-08.A, CTL-STR-08.B (CT-STR-08). Proposed control: least privilege, operational-access segregation, and input validation. Expected evidence: RBAC, administrative profiles, input validation, and cybersecurity tests.",05/05/2026 23:05:03
402,Backend May be Subject to Elevation of Privilege Using Remote Code Execution,Elevation Of Privilege,App Turismo Inteligente,Admin Request,High,Mitigated,Browser Client may be able to remotely execute code for Backend.,"Analytical mitigation specified by CTL-STR-08.A, CTL-STR-08.B (CT-STR-08). Proposed control: least privilege, operational-access segregation, and input validation. Expected evidence: RBAC, administrative profiles, input validation, and cybersecurity tests.",05/05/2026 23:04:55
401,Elevation Using Impersonation,Elevation Of Privilege,App Turismo Inteligente,Admin Request,High,Mitigated,Backend may be able to impersonate the context of Browser Client in order to gain additional privilege.,"Analytical mitigation specified by CTL-STR-08.A, CTL-STR-08.B (CT-STR-08). Proposed control: least privilege, operational-access segregation, and input validation. Expected evidence: RBAC, administrative profiles, input validation, and cybersecurity tests.",05/05/2026 23:04:47
400,Data Flow Admin Request Is Potentially Interrupted,Denial Of Service,App Turismo Inteligente,Admin Request,High,Mitigated,An external agent interrupts data flowing across a trust boundary in either direction.,"Analytical mitigation specified by CTL-STR-04.A, CTL-STR-04.B (CT-STR-04). Proposed control: resource-consumption limits and controlled degradation of critical flows. Expected evidence: rate limits, quotas, timeouts, load tests, fallback, and recovery tests.",05/05/2026 23:04:38
399,Potential Process Crash or Stop for Backend,Denial Of Service,App Turismo Inteligente,Admin Request,High,Mitigated,"Backend crashes, halts, stops or runs slowly; in all cases violating an availability metric.","Analytical mitigation specified by CTL-STR-04.A, CTL-STR-04.B (CT-STR-04). Proposed control: resource-consumption limits and controlled degradation of critical flows. Expected evidence: rate limits, quotas, timeouts, load tests, fallback, and recovery tests.",05/05/2026 23:04:30
398,Potential Data Repudiation by Backend,Repudiation,App Turismo Inteligente,Admin Request,High,Mitigated,"Backend claims that it did not receive data from a source outside the trust boundary. Consider using logging or auditing to record the source, time, and summary of the received data.","Analytical mitigation specified by CTL-STR-10 (CT-STR-10). Proposed control: non-repudiation and traceability of relevant system actions. Expected evidence: correlated logs, transaction IDs/signatures, and auditable trails.",05/05/2026 23:04:21
422,Risks from Logging,Tampering,App Turismo Inteligente,Audit Log,High,Mitigated,"Log readers can come under attack via log files. Consider ways to canonicalize data in all logs. Implement a single reader for the logs, if possible, in order to reduce attack surface area. Be sure to understand and document log file elements which come from untrusted sources.","Analytical mitigation specified by CTL-STR-05.A (CT-STR-05.A). Proposed control: authenticated, integrity-protected, tamper-resistant audit trails. Expected evidence: signed logs, append-only trails, and integrity checks.",05/05/2026 23:07:41
396,Elevation by Changing the Execution Flow in Browser Client,Elevation Of Privilege,App Turismo Inteligente,Admin Response,High,Mitigated,An attacker may pass data into Browser Client in order to change the flow of program execution within Browser Client to the attacker's choosing.,"Analytical mitigation specified by CTL-STR-08.A, CTL-STR-08.B (CT-STR-08). Proposed control: least privilege, operational-access segregation, and input validation. Expected evidence: RBAC, administrative profiles, input validation, and cybersecurity tests.",05/05/2026 23:04:13
395,Browser Client May be Subject to Elevation of Privilege Using Remote Code Execution,Elevation Of Privilege,App Turismo Inteligente,Admin Response,High,Mitigated,Backend may be able to remotely execute code for Browser Client.,"Analytical mitigation specified by CTL-STR-08.A, CTL-STR-08.B (CT-STR-08). Proposed control: least privilege, operational-access segregation, and input validation. Expected evidence: RBAC, administrative profiles, input validation, and cybersecurity tests.",05/05/2026 23:03:58
394,Elevation Using Impersonation,Elevation Of Privilege,App Turismo Inteligente,Admin Response,High,Not Applicable,Browser Client may be able to impersonate the context of Backend in order to gain additional privilege.,NA-3. Not applicable: the Browser Client receives neither a service credential nor the Backend execution context. Applicable operational impersonation and authorization threats are addressed separately.,05/05/2026 22:58:35
393,Data Flow Admin Response Is Potentially Interrupted,Denial Of Service,App Turismo Inteligente,Admin Response,High,Mitigated,An external agent interrupts data flowing across a trust boundary in either direction.,"Analytical mitigation specified by CTL-STR-04.A, CTL-STR-04.B (CT-STR-04), same threat family as representative ID 23. Proposed control: resource-consumption limits and controlled degradation of critical flows. Expected evidence: rate limits, quotas, timeouts, load tests, fallback, and recovery tests.",05/05/2026 23:03:48
392,Potential Process Crash or Stop for Browser Client,Denial Of Service,App Turismo Inteligente,Admin Response,High,Mitigated,"Browser Client crashes, halts, stops or runs slowly; in all cases violating an availability metric.","Analytical mitigation specified by CTL-STR-04.A, CTL-STR-04.B (CT-STR-04). Proposed control: resource-consumption limits and controlled degradation of critical flows. Expected evidence: rate limits, quotas, timeouts, load tests, fallback, and recovery tests.",05/05/2026 23:03:20
391,Potential Data Repudiation by Browser Client,Repudiation,App Turismo Inteligente,Admin Response,High,Mitigated,"Browser Client claims that it did not receive data from a source outside the trust boundary. Consider using logging or auditing to record the source, time, and summary of the received data.","Analytical mitigation specified by CTL-STR-10 (CT-STR-10). Proposed control: non-repudiation and traceability of relevant system actions. Expected evidence: correlated logs, transaction IDs/signatures, and auditable trails.",05/05/2026 23:03:12
390,Backend Process Memory Tampered,Tampering,App Turismo Inteligente,Admin Response,High,Not Applicable,"If Backend is given access to memory, such as shared memory or pointers, or is given the ability to control what Browser Client executes (for example, passing back a function pointer.), then Backend can tamper with Browser Client. Consider if the function could work with less access to memory, such as passing data rather than pointers. Copy in data provided, and then validate it.","NA-2. Not applicable: the threat assumes shared memory or direct execution control, while the DFD models separate components without shared memory.",05/05/2026 22:58:22
418,Collision Attacks,Tampering,App Turismo Inteligente,Internal Response,High,Mitigated,"Attackers who can send a series of packets or messages may be able to overlap data. For example, packet 1 may be 100 bytes starting at offset 0. Packet 2 may be 100 bytes starting at offset 25. Packet 2 will overwrite 75 bytes of packet 1. Ensure you reassemble data before filtering it, and ensure you explicitly handle these sorts of cases.","Analytical mitigation specified by CTL-STR-02 (CT-STR-02), same threat family as representative ID 405. Proposed control: message integrity, freshness, and anti-replay protection for critical flows. Expected evidence: nonce/timestamp, correlation IDs, anti-replay tests, and rejection logs.",05/05/2026 23:07:05
366,Elevation by Changing the Execution Flow in Smartphone (App),Elevation Of Privilege,App Turismo Inteligente,App Response,High,Mitigated,An attacker may pass data into Smartphone (App) in order to change the flow of program execution within Smartphone (App) to the attacker's choosing.,"Analytical mitigation specified by CTL-STR-08.A, CTL-STR-08.B (CT-STR-08). Proposed control: least privilege, operational-access segregation, and input validation. Expected evidence: RBAC, administrative profiles, input validation, and cybersecurity tests.",05/05/2026 23:01:11
365,Smartphone (App) May be Subject to Elevation of Privilege Using Remote Code Execution,Elevation Of Privilege,App Turismo Inteligente,App Response,High,Mitigated,API may be able to remotely execute code for Smartphone (App).,"Analytical mitigation specified by CTL-STR-08.A, CTL-STR-08.B (CT-STR-08). Proposed control: least privilege, operational-access segregation, and input validation. Expected evidence: RBAC, administrative profiles, input validation, and cybersecurity tests.",05/05/2026 23:01:02
364,Elevation Using Impersonation,Elevation Of Privilege,App Turismo Inteligente,App Response,High,Not Applicable,Smartphone (App) may be able to impersonate the context of API in order to gain additional privilege.,NA-3. Not applicable: the Smartphone receives neither a service credential nor the API execution context. Endpoint spoofing and malicious responses are addressed by separate applicable threats and CTL-STR controls.,05/05/2026 22:57:51
363,Data Flow App Response Is Potentially Interrupted,Denial Of Service,App Turismo Inteligente,App Response,High,Mitigated,An external agent interrupts data flowing across a trust boundary in either direction.,"Analytical mitigation specified by CTL-STR-04.A, CTL-STR-04.B (CT-STR-04). Proposed control: resource-consumption limits and controlled degradation of critical flows. Expected evidence: rate limits, quotas, timeouts, load tests, fallback, and recovery tests.",05/05/2026 23:00:47
362,Potential Process Crash or Stop for Smartphone (App),Denial Of Service,App Turismo Inteligente,App Response,High,Mitigated,"Smartphone (App) crashes, halts, stops or runs slowly; in all cases violating an availability metric.","Analytical mitigation specified by CTL-STR-04.A, CTL-STR-04.B (CT-STR-04). Proposed control: resource-consumption limits and controlled degradation of critical flows. Expected evidence: rate limits, quotas, timeouts, load tests, fallback, and recovery tests.",05/05/2026 23:00:39
361,Potential Data Repudiation by Smartphone (App),Repudiation,App Turismo Inteligente,App Response,High,Mitigated,"Smartphone (App) claims that it did not receive data from a source outside the trust boundary. Consider using logging or auditing to record the source, time, and summary of the received data.","Analytical mitigation specified by CTL-STR-10 (CT-STR-10). Proposed control: non-repudiation and traceability of relevant system actions. Expected evidence: correlated logs, transaction IDs/signatures, and auditable trails.",05/05/2026 22:59:54
360,API Process Memory Tampered,Tampering,App Turismo Inteligente,App Response,High,Not Applicable,"If API is given access to memory, such as shared memory or pointers, or is given the ability to control what Smartphone (App) executes (for example, passing back a function pointer.), then API can tamper with Smartphone (App). Consider if the function could work with less access to memory, such as passing data rather than pointers. Copy in data provided, and then validate it.","NA-2. Not applicable: the threat assumes shared memory or direct execution control, while the DFD models separate components without shared memory.",05/05/2026 22:57:43
409,Replay Attacks,Tampering,App Turismo Inteligente,App Response,High,Mitigated,Packets or messages without sequence numbers or timestamps can be captured and replayed in a wide variety of ways. Implement or utilize an existing communication protocol that supports anti-replay techniques (investigate sequence numbers before timers) and strong integrity.,"Analytical mitigation specified by CTL-STR-02 (CT-STR-02), same threat family as representative ID 405. Proposed control: message integrity, freshness, and anti-replay protection for critical flows. Expected evidence: nonce/timestamp, correlation IDs, anti-replay tests, and rejection logs.",05/05/2026 23:05:54
358,Elevation by Changing the Execution Flow in API,Elevation Of Privilege,App Turismo Inteligente,App Request,High,Mitigated,An attacker may pass data into API in order to change the flow of program execution within API to the attacker's choosing.,"Analytical mitigation specified by CTL-STR-08.A, CTL-STR-08.B (CT-STR-08). Proposed control: least privilege, operational-access segregation, and input validation. Expected evidence: RBAC, administrative profiles, input validation, and cybersecurity tests.",05/05/2026 22:59:44
357,API May be Subject to Elevation of Privilege Using Remote Code Execution,Elevation Of Privilege,App Turismo Inteligente,App Request,High,Mitigated,Smartphone (App) may be able to remotely execute code for API.,"Analytical mitigation specified by CTL-STR-08.A, CTL-STR-08.B (CT-STR-08). Proposed control: least privilege, operational-access segregation, and input validation. Expected evidence: RBAC, administrative profiles, input validation, and cybersecurity tests.",05/05/2026 22:59:34
356,Elevation Using Impersonation,Elevation Of Privilege,App Turismo Inteligente,App Request,High,Not Applicable,API may be able to impersonate the context of Smartphone (App) in order to gain additional privilege.,"NA-3. Not applicable: the API does not receive, reuse, or delegate the Smartphone security context; client and service identities are distinct. Endpoint spoofing and malicious responses are addressed by applicable threats and CTL-STR controls.",05/05/2026 22:57:34
355,Data Flow App Request Is Potentially Interrupted,Denial Of Service,App Turismo Inteligente,App Request,High,Mitigated,An external agent interrupts data flowing across a trust boundary in either direction.,"Analytical mitigation specified by CTL-STR-04.A, CTL-STR-04.B (CT-STR-04). Proposed control: resource-consumption limits and controlled degradation of critical flows. Expected evidence: rate limits, quotas, timeouts, load tests, fallback, and recovery tests.",05/05/2026 22:59:25
354,Potential Process Crash or Stop for API,Denial Of Service,App Turismo Inteligente,App Request,High,Mitigated,"API crashes, halts, stops or runs slowly; in all cases violating an availability metric.","Analytical mitigation specified by CTL-STR-04.A, CTL-STR-04.B (CT-STR-04). Proposed control: resource-consumption limits and controlled degradation of critical flows. Expected evidence: rate limits, quotas, timeouts, load tests, fallback, and recovery tests.",05/05/2026 22:59:18
353,Potential Data Repudiation by API,Repudiation,App Turismo Inteligente,App Request,High,Mitigated,"API claims that it did not receive data from a source outside the trust boundary. Consider using logging or auditing to record the source, time, and summary of the received data.","Analytical mitigation specified by CTL-STR-10 (CT-STR-10). Proposed control: non-repudiation and traceability of relevant system actions. Expected evidence: correlated logs, transaction IDs/signatures, and auditable trails.",05/05/2026 22:59:10
352,Smartphone (App) Process Memory Tampered,Tampering,App Turismo Inteligente,App Request,High,Not Applicable,"If Smartphone (App) is given access to memory, such as shared memory or pointers, or is given the ability to control what API executes (for example, passing back a function pointer.), then Smartphone (App) can tamper with API. Consider if the function could work with less access to memory, such as passing data rather than pointers. Copy in data provided, and then validate it.","NA-2. Not applicable: the threat assumes shared memory or direct execution control, while the DFD models separate components without shared memory.",05/05/2026 22:57:23
405,Replay Attacks,Tampering,App Turismo Inteligente,App Request,High,Mitigated,Packets or messages without sequence numbers or timestamps can be captured and replayed in a wide variety of ways. Implement or utilize an existing communication protocol that supports anti-replay techniques (investigate sequence numbers before timers) and strong integrity.,"Analytical mitigation specified by CTL-STR-02 (CT-STR-02). Proposed control: message integrity, freshness, and anti-replay protection for critical flows. Expected evidence: nonce/timestamp, correlation IDs, anti-replay tests, and rejection logs.",05/05/2026 23:05:20
436,External Entity SEFD Potentially Denies Receiving Data,Repudiation,App Turismo Inteligente,SEFD Request,High,Mitigated,"SEFD claims that it did not receive data from a process on the other side of the trust boundary. Consider using logging or auditing to record the source, time, and summary of the received data.","Analytical mitigation specified by CTL-STR-07 (CT-STR-07). Proposed control: record delivery to the SEFD with a correlation ID and confirm receipt when applicable. Expected evidence: correlated request/response records, verifiable send record, receipt confirmation, authenticated endpoint, validated schema, and negative/fuzz tests.",05/05/2026 23:09:24
435,Spoofing of the SEFD External Destination Entity,Spoofing,App Turismo Inteligente,SEFD Request,High,Mitigated,SEFD may be spoofed by an attacker and this may lead to data being sent to the attacker's target instead of SEFD. Consider using a standard authentication mechanism to identify the external entity.,"Analytical mitigation specified by CTL-STR-07 (CT-STR-07). Proposed control: authenticate the SEFD service, validate the origin, integrity, structure, content, and bounds of responses, and isolate the processing of external content to prevent tampering with the execution flow or recommendation logic. Expected evidence: endpoint authentication with mTLS or equivalent, certificate and origin validation, schema/type/size/bounds validation, hardened parser and safe deserialization, isolation of external-content processing, negative tests and fuzzing, and correlated logs with anomaly monitoring.",05/05/2026 23:09:11
415,Authorization Bypass,Information Disclosure,App Turismo Inteligente,Audit Log,High,Mitigated,"Can you access Logs/Audit and bypass the permissions for the object? For example by editing the files directly with a hex editor, or reaching it via filesharing? Ensure that your program is the only one that can access the data, and that all other subjects have to use your interface.","Analytical mitigation specified by CTL-STR-05.B (CT-STR-05.B). Proposed control: confidentiality and access protection for audit logs. Expected evidence: encryption, RBAC, access reviews, and unauthorized-access tests.",05/05/2026 23:06:40
414,Authorization Bypass,Information Disclosure,App Turismo Inteligente,Write,High,Mitigated,"Can you access Database and bypass the permissions for the object? For example by editing the files directly with a hex editor, or reaching it via filesharing? Ensure that your program is the only one that can access the data, and that all other subjects have to use your interface.","Analytical mitigation specified by CTL-STR-06 (CT-STR-06). Proposed control: protection of personal-data persistence and operational states. Expected evidence: encryption, granular access control, backups, and authorization/recovery tests.",05/05/2026 23:06:33
413,Weak Authentication Scheme,Information Disclosure,App Turismo Inteligente,Internal Response,High,Mitigated,"Custom authentication schemes are susceptible to common weaknesses such as weak credential change management, credential equivalence, easily guessable credentials, null credentials, downgrade authentication or a weak credential change management system. Consider the impact and potential mitigations for your custom authentication scheme.","Analytical mitigation specified by CTL-STR-01 (CT-STR-01), same threat family as representative ID 404. Proposed control: robust authentication for data subjects, operators, and services before sensitive flows. Expected evidence: authentication policy, operational MFA, authentication tests and logs.",05/05/2026 23:06:25
412,Collision Attacks,Tampering,App Turismo Inteligente,Internal Request,High,Mitigated,"Attackers who can send a series of packets or messages may be able to overlap data. For example, packet 1 may be 100 bytes starting at offset 0. Packet 2 may be 100 bytes starting at offset 25. Packet 2 will overwrite 75 bytes of packet 1. Ensure you reassemble data before filtering it, and ensure you explicitly handle these sorts of cases.","Analytical mitigation specified by CTL-STR-02 (CT-STR-02), same threat family as representative ID 405. Proposed control: message integrity, freshness, and anti-replay protection for critical flows. Expected evidence: nonce/timestamp, correlation IDs, anti-replay tests, and rejection logs.",05/05/2026 23:06:17
411,Replay Attacks,Tampering,App Turismo Inteligente,Internal Request,High,Mitigated,Packets or messages without sequence numbers or timestamps can be captured and replayed in a wide variety of ways. Implement or utilize an existing communication protocol that supports anti-replay techniques (investigate sequence numbers before timers) and strong integrity.,"Analytical mitigation specified by CTL-STR-02 (CT-STR-02), same threat family as representative ID 405. Proposed control: message integrity, freshness, and anti-replay protection for critical flows. Expected evidence: nonce/timestamp, correlation IDs, anti-replay tests, and rejection logs.",05/05/2026 23:12:18
410,Collision Attacks,Tampering,App Turismo Inteligente,App Response,High,Mitigated,"Attackers who can send a series of packets or messages may be able to overlap data. For example, packet 1 may be 100 bytes starting at offset 0. Packet 2 may be 100 bytes starting at offset 25. Packet 2 will overwrite 75 bytes of packet 1. Ensure you reassemble data before filtering it, and ensure you explicitly handle these sorts of cases.","Analytical mitigation specified by CTL-STR-02 (CT-STR-02), same threat family as representative ID 405. Proposed control: message integrity, freshness, and anti-replay protection for critical flows. Expected evidence: nonce/timestamp, correlation IDs, anti-replay tests, and rejection logs.",05/05/2026 23:06:03
408,Weak Authentication Scheme,Information Disclosure,App Turismo Inteligente,Internal Request,High,Mitigated,"Custom authentication schemes are susceptible to common weaknesses such as weak credential change management, credential equivalence, easily guessable credentials, null credentials, downgrade authentication or a weak credential change management system. Consider the impact and potential mitigations for your custom authentication scheme.","Analytical mitigation specified by CTL-STR-01 (CT-STR-01), same threat family as representative ID 404. Proposed control: robust authentication for data subjects, operators, and services before sensitive flows. Expected evidence: authentication policy, operational MFA, authentication tests and logs.",05/05/2026 23:05:46
407,Weak Authentication Scheme,Information Disclosure,App Turismo Inteligente,App Response,High,Mitigated,"Custom authentication schemes are susceptible to common weaknesses such as weak credential change management, credential equivalence, easily guessable credentials, null credentials, downgrade authentication or a weak credential change management system. Consider the impact and potential mitigations for your custom authentication scheme.","Analytical mitigation specified by CTL-STR-01 (CT-STR-01), same threat family as representative ID 404. Proposed control: robust authentication for data subjects, operators, and services before sensitive flows. Expected evidence: authentication policy, operational MFA, authentication tests and logs.",05/05/2026 23:05:36
406,Collision Attacks,Tampering,App Turismo Inteligente,App Request,High,Mitigated,"Attackers who can send a series of packets or messages may be able to overlap data. For example, packet 1 may be 100 bytes starting at offset 0. Packet 2 may be 100 bytes starting at offset 25. Packet 2 will overwrite 75 bytes of packet 1. Ensure you reassemble data before filtering it, and ensure you explicitly handle these sorts of cases.","Analytical mitigation specified by CTL-STR-02 (CT-STR-02). Proposed control: message integrity, freshness, and anti-replay protection for critical flows. Expected evidence: nonce/timestamp, correlation IDs, anti-replay tests, and rejection logs.",05/05/2026 23:05:28
404,Weak Authentication Scheme,Information Disclosure,App Turismo Inteligente,App Request,High,Mitigated,"Custom authentication schemes are susceptible to common weaknesses such as weak credential change management, credential equivalence, easily guessable credentials, null credentials, downgrade authentication or a weak credential change management system. Consider the impact and potential mitigations for your custom authentication scheme.","Analytical mitigation specified by CTL-STR-01 (CT-STR-01). Proposed control: robust authentication for data subjects, operators, and services before sensitive flows. Expected evidence: authentication policy, operational MFA, authentication tests and logs.",05/05/2026 23:05:12
345,The Logs/Audit Data Store Could Be Corrupted,Tampering,App Turismo Inteligente,Audit Log,High,Mitigated,Data flowing across Audit Log may be tampered with by an attacker. This may lead to corruption of Logs/Audit. Ensure the integrity of the data flow to the data store.,"Analytical mitigation specified by CTL-STR-05.A (CT-STR-05.A). Proposed control: authenticated, integrity-protected, tamper-resistant audit trails. Expected evidence: signed logs, append-only trails, and integrity checks.",05/05/2026 22:56:10
417,Replay Attacks,Tampering,App Turismo Inteligente,Internal Response,High,Mitigated,Packets or messages without sequence numbers or timestamps can be captured and replayed in a wide variety of ways. Implement or utilize an existing communication protocol that supports anti-replay techniques (investigate sequence numbers before timers) and strong integrity.,"Analytical mitigation specified by CTL-STR-02 (CT-STR-02), same threat family as representative ID 405. Proposed control: message integrity, freshness, and anti-replay protection for critical flows. Expected evidence: nonce/timestamp, correlation IDs, anti-replay tests, and rejection logs.",05/05/2026 23:06:57
426,Potential Weak Protections for Audit Data,Repudiation,App Turismo Inteligente,Audit Log,High,Mitigated,"Consider what happens when the audit mechanism comes under attack, including attempts to destroy the logs, or attack log analysis programs. Ensure access to the log is through a reference monitor, which controls read and write separately. Document what filters, if any, readers can rely on, or writers should expect","Analytical mitigation specified by CTL-STR-05.A (CT-STR-05.A). Proposed control: authenticated, integrity-protected, tamper-resistant audit trails. Expected evidence: signed logs, append-only trails, and integrity checks.",05/05/2026 23:08:14
427,JavaScript Object Notation Processing,Tampering,App Turismo Inteligente,App Request,High,Mitigated,"If a dataflow contains JSON, JSON processing and hijacking threats may be exploited.","Analytical mitigation specified by CTL-STR-03 (CT-STR-03). Proposed control: strict validation of JSON payloads and API contracts. Expected evidence: schemas, negative API tests, and content-type validation.",05/05/2026 23:08:22
428,JavaScript Object Notation Processing,Tampering,App Turismo Inteligente,App Response,High,Mitigated,"If a dataflow contains JSON, JSON processing and hijacking threats may be exploited.","Analytical mitigation specified by CTL-STR-03 (CT-STR-03), same threat family as representative ID 427. Proposed control: strict validation of JSON payloads and API contracts. Expected evidence: schemas, negative API tests, and content-type validation.",05/05/2026 23:08:31
429,JavaScript Object Notation Processing,Tampering,App Turismo Inteligente,Internal Request,High,Mitigated,"If a dataflow contains JSON, JSON processing and hijacking threats may be exploited.","Analytical mitigation specified by CTL-STR-03 (CT-STR-03), same threat family as representative ID 427. Proposed control: strict validation of JSON payloads and API contracts. Expected evidence: schemas, negative API tests, and content-type validation.",05/05/2026 23:08:39
430,JavaScript Object Notation Processing,Tampering,App Turismo Inteligente,Internal Response,High,Mitigated,"If a dataflow contains JSON, JSON processing and hijacking threats may be exploited.","Analytical mitigation specified by CTL-STR-03 (CT-STR-03), same threat family as representative ID 427. Proposed control: strict validation of JSON payloads and API contracts. Expected evidence: schemas, negative API tests, and content-type validation.",05/05/2026 23:08:47
431,JavaScript Object Notation Processing,Tampering,App Turismo Inteligente,Admin Request,High,Mitigated,"If a dataflow contains JSON, JSON processing and hijacking threats may be exploited.","Analytical mitigation specified by CTL-STR-03 (CT-STR-03), same threat family as representative ID 427. Proposed control: strict validation of JSON payloads and API contracts. Expected evidence: schemas, negative API tests, and content-type validation.",05/05/2026 23:08:56
432,JavaScript Object Notation Processing,Tampering,App Turismo Inteligente,Admin Response,High,Mitigated,"If a dataflow contains JSON, JSON processing and hijacking threats may be exploited.","Analytical mitigation specified by CTL-STR-03 (CT-STR-03), same threat family as representative ID 427. Proposed control: strict validation of JSON payloads and API contracts. Expected evidence: schemas, negative API tests, and content-type validation.",05/05/2026 23:09:03
437,Data Flow SEFD Request Is Potentially Interrupted,Denial Of Service,App Turismo Inteligente,SEFD Request,High,Mitigated,An external agent interrupts data flowing across a trust boundary in either direction.,"Analytical mitigation specified by CTL-STR-04.A, CTL-STR-04.B (CT-STR-04), same threat family as representative ID 23. Proposed control: resource-consumption limits and controlled degradation of critical flows. Expected evidence: rate limits, quotas, timeouts, load tests, fallback, and recovery tests.",05/05/2026 23:09:32
438,JavaScript Object Notation Processing,Tampering,App Turismo Inteligente,SEFD Response,High,Mitigated,"If a dataflow contains JSON, JSON processing and hijacking threats may be exploited.","Analytical mitigation specified by CTL-STR-07 (CT-STR-07). Proposed control: authenticate the SEFD service, validate the origin, integrity, structure, content, and bounds of responses, and isolate the processing of external content to prevent tampering with the execution flow or recommendation logic. Expected evidence: endpoint authentication with mTLS or equivalent, certificate and origin validation, schema/type/size/bounds validation, hardened parser and safe deserialization, isolation of external-content processing, negative tests and fuzzing, and correlated logs with anomaly monitoring.",05/05/2026 23:09:40
439,Potential Data Repudiation by API,Repudiation,App Turismo Inteligente,SEFD Response,High,Mitigated,"API claims that it did not receive data from a source outside the trust boundary. Consider using logging or auditing to record the source, time, and summary of the received data.","Analytical mitigation specified by CTL-STR-10 (CT-STR-10), same threat family as representative ID 353. Proposed control: non-repudiation and traceability of relevant system actions. Expected evidence: correlated logs, transaction IDs/signatures, and auditable trails.",05/05/2026 23:09:47
440,Potential Process Crash or Stop for API,Denial Of Service,App Turismo Inteligente,SEFD Response,High,Mitigated,"API crashes, halts, stops or runs slowly; in all cases violating an availability metric.","Analytical mitigation specified by CTL-STR-04.A, CTL-STR-04.B (CT-STR-04), same threat family as representative ID 23. Proposed control: resource-consumption limits and controlled degradation of critical flows. Expected evidence: rate limits, quotas, timeouts, load tests, fallback, and recovery tests.",05/05/2026 23:09:57
441,Data Flow SEFD Response Is Potentially Interrupted,Denial Of Service,App Turismo Inteligente,SEFD Response,High,Mitigated,An external agent interrupts data flowing across a trust boundary in either direction.,"Analytical mitigation specified by CTL-STR-04.A, CTL-STR-04.B (CT-STR-04), same threat family as representative ID 23. Proposed control: resource-consumption limits and controlled degradation of critical flows. Expected evidence: rate limits, quotas, timeouts, load tests, fallback, and recovery tests.",05/05/2026 23:10:04
442,Elevation Using Impersonation,Elevation Of Privilege,App Turismo Inteligente,SEFD Response,High,Mitigated,API may be able to impersonate the context of SEFD in order to gain additional privilege.,"Analytical mitigation specified by CTL-STR-07 (CT-STR-07). Proposed control: authenticate the SEFD service, validate the origin, integrity, structure, content, and bounds of responses, and isolate the processing of external content to prevent tampering with the execution flow or recommendation logic. Expected evidence: endpoint authentication with mTLS or equivalent, certificate and origin validation, schema/type/size/bounds validation, hardened parser and safe deserialization, isolation of external-content processing, negative tests and fuzzing, and correlated logs with anomaly monitoring.",05/05/2026 23:10:11
443,API May be Subject to Elevation of Privilege Using Remote Code Execution,Elevation Of Privilege,App Turismo Inteligente,SEFD Response,High,Mitigated,SEFD may be able to remotely execute code for API.,"Analytical mitigation specified by CTL-STR-07 (CT-STR-07). Proposed control: authenticate the SEFD service, validate the origin, integrity, structure, content, and bounds of responses, and isolate the processing of external content to prevent tampering with the execution flow or recommendation logic. Expected evidence: endpoint authentication with mTLS or equivalent, certificate and origin validation, schema/type/size/bounds validation, hardened parser and safe deserialization, isolation of external-content processing, negative tests and fuzzing, and correlated logs with anomaly monitoring.",05/05/2026 23:10:19
444,Elevation by Changing the Execution Flow in API,Elevation Of Privilege,App Turismo Inteligente,SEFD Response,High,Mitigated,An attacker may pass data into API in order to change the flow of program execution within API to the attacker's choosing.,"Analytical mitigation specified by CTL-STR-07 (CT-STR-07). Proposed control: authenticate the SEFD service, validate the origin, integrity, structure, content, and bounds of responses, and isolate the processing of external content to prevent tampering with the execution flow or recommendation logic. Expected evidence: endpoint authentication with mTLS or equivalent, certificate and origin validation, schema/type/size/bounds validation, hardened parser and safe deserialization, isolation of external-content processing, negative tests and fuzzing, and correlated logs with anomaly monitoring.",05/05/2026 23:10:27
445,Spoofing the Tourist External Entity,Spoofing,App Turismo Inteligente,Request,High,Mitigated,Tourist may be spoofed by an attacker and this may lead to unauthorized access to Smartphone (App). Consider using a standard authentication mechanism to identify the external entity.,"Analytical mitigation specified by CTL-STR-09 (CT-STR-09). Proposed control: sensitive actions must be performed by an authenticated and authorized data subject or operator, with explicit confirmation and risk-based reauthentication. Expected evidence: strong authentication, MFA for operational access, reauthentication and confirmation records, session controls and audit trails, request-forgery protection, and secure session binding when justified by the risk analysis.",05/05/2026 23:10:34
446,Elevation Using Impersonation,Elevation Of Privilege,App Turismo Inteligente,Request,High,Mitigated,Smartphone (App) may be able to impersonate the context of Tourist in order to gain additional privilege.,"Analytical mitigation specified by CTL-STR-09 (CT-STR-09), same threat family as representative ID 445. Proposed control: sensitive actions must be performed by an authenticated and authorized data subject or operator, with explicit confirmation and risk-based reauthentication. Expected evidence: strong authentication, MFA for operational access, reauthentication and confirmation records, session controls and audit trails, request-forgery protection, and secure session binding when justified by the risk analysis.",05/05/2026 23:11:08
